TITLE: Bill of Materials,,,,,,,,,,,,,,,,,,,
BOM NO: 05-080887-01-a.csv,,,,,,,,,,,,,,,,,,,
DATE: 02/06/2024,,,,,,,,,,,,,,,,,,,
DESIGN: 02_080887a_top,,,,,,,,,,,,,,,,,,,
TEMPLATE: Z:\allegro\v174_site\cdssetup\template.bom,,,,,,,,,,,,,,,,,,,
CALLOUT: ,,,,,,,,,,,,,,,,,,,
,,,,,,,,,,,,,,,,,,,
ITEM#,Qty,WW_PN,DESCRIPTION, VALUE,JEDEC_TYPE,TOL,VOLTAGE,WATTAGE,LOCATION,MFG, MFG_PN,HLM_STATUS,STOCKROOM_WL,STOCKROOM_GT,STOCKROOM_LK,STOCKROOM_GBO,STOCKROOM_NSH,CUSTOM_PART,DNI
1,1,08_080887a,PCB,?,?,?,?,?,?,Analog Devices Supplied,08_080887a,N/A,?,?,?,?,?,?,?
2,8,E048498,CAP CER 1UF 25V 10% X5R 0603, 1UF,C0603,10,25V,N/A,"C1,C2,C32,C33,C34,C101,C105,C106",YAGEO, CC0603KRX5R8BB105,REL,N/A,N/A,N/A,N/A,N/A,?,?
3,7,E048331,CAP CER 0.1UF 50V 10% X7R 0402 AEC-Q200, 0.1UF,C0402,10,50V,N/A,"C10,C11,C52,C56,C57,C60,C61",MURATA, GCM155R71H104KE02D,REL,N/A,N/A,N/A,N/A,N/A,?,?
4,2,E023439,CAP CER 100pF 3000V 5% C0G 1812 AEC-Q200 EXTREME LOW ESR, 100pF,C1812H71,5,3000V,N/A,"C113,C143",KEMET, C1812C101JHGACTU,REL,N/A,N/A,N/A,N/A,N/A,?,?
5,3,E031467,CAP CER 0.1uF 50V 5% X7R 0805, 0.1uF,C0805,5,50V,N/A,"C3,C6,C8",AVX CORPORATION, 08055C104JAT2A,REL,N/A,N/A,N/A,N/A,N/A,?,?
6,1,E038719,CAP CER 0.1uF 25V 10% X7R 0603, 0.1uF,C0603,10,25V,N/A,C35,SAMSUNG, CL10B104KA8NNNC,REL,N/A,N/A,N/A,N/A,N/A,?,?
7,2,E022682,CAP CER 10uF 10V 20% X5R 0603, 10uF,C0603,20,10V,N/A,"C4,C5",MURATA, GRM188R61A106ME69D,REL,N/A,N/A,N/A,N/A,N/A,?,?
8,2,E018909,CAP CER 0.22uF 100V 5% X7R 0805, 0.22uF,C0805H60,5,100V,N/A,"C45,C46",KEMET, C0805C224J1RACTU,REL,N/A,N/A,N/A,N/A,7002179,?,?
9,2,E020722,CAP CER 15pF 50V 1% C0G 0402 AEC-Q200, 15pF,C0402,1,50V,N/A,"C50,C51",MURATA, GCM1555C1H150FA16D,REL,N/A,N/A,N/A,N/A,N/A,?,?
10,1,E048499,CAP CER 1UF 100V 10% X7S 0805, 1UF,C0805H55,10,100V,N/A,C53,MURATA, GRJ21BC72A105KE11L,REL,N/A,N/A,N/A,N/A,N/A,?,?
11,5,E032295,CAP CER 0.01uF 100V 10% X7S 0402, 0.01uF,C0402,10,100V,N/A,"C7,C9,C54,C55,C59",TDK, C1005X7S2A103K050BB,REL,N/A,N/A,N/A,N/A,N/A,?,?
12,1,E035107,CAP CER 0.68uF 10V 10% X7R 0603, 0.68uF,C0603,10,10V,N/A,C58,YAGEO, CC0603KRX7R6BB684,REL,N/A,N/A,N/A,N/A,N/A,?,?
13,2,E028177,"DIO TVS UNIDIRECTIONAL 2.5PF, 30A", SP4020-01FTG,SOD323_B,N/A,3.3V,750W,"D5,D19","LITTELFUSE, INC.", SP4020-01FTG,REL,N/A,N/A,N/A,N/A,N/A,?,?
15,4,E010948,DIODE HYPER BRIGHT LOW CURRENT LED (GREEN), LG L29K-G2J1-24-Z,LED0603-2,N/A,N/A,N/A,"DS1,DS2,DS3,DS4",OSRAM OPTO SEMICONDUCTORS, LG L29K-G2J1-24-Z,REL,ADD_TO_STOCK,N/A,N/A,N/A,7003938,?,?
16,1,E029804,"LED UNI-COLOR GREEN, 574NM", APHHS1005CGCK,LED0402_A,N/A,2.1V,0.1025W,DS10,KINGBRIGHT, APHHS1005CGCK,REL,N/A,N/A,N/A,N/A,N/A,?,?
17,1,E032958,"LED SUPER BRIGHT YELLOW WATER CLEAR, 590NM", APHHS1005LSYCK/J3-PF,LED0402H24,N/A,1.85V,3/40W,DS11,KINGBRIGHT ELECTRONIC, APHHS1005LSYCK/J3-PF,REL,N/A,N/A,N/A,N/A,N/A,?,?
18,2,E029145,"IND EMI SUPPRESION FERRITE BEAD, 0.090OHM MAX DCR, 1.2A", 100OHM AT 100MEGHZ,L0402-3,25,N/A,N/A,"E1,E2",WURTH ELEKTRONIK,742792731,REL,N/A,N/A,N/A,N/A,N/A,?,?
19,1,E028572,"IND EMI SUPPRESSION FERRITE BEAD, 1A, 0.3OHM DCR", 1500OHMS AT 100MEGHZ,L0805H43,25,N/A,N/A,E3,WURTH ELEKTRONIK,742792097,REL,N/A,N/A,N/A,N/A,N/A,?,?
21,1,E032119,"IND COMMON MODE CHOKE DUAL 1:1, 0.14OHM DCR 1.1A", 470UH,LSML236W362H209,50,80V,N/A,L1,BOURNS, SRF0905A-471Y,REL,N/A,N/A,N/A,N/A,N/A,?,?
22,1,E064442,MOD COMPACT NETWORK ETHERNET SPI INTERFACE, WIZ850IO,MWIZ850,N/A,N/A,N/A,M1,WIZNET, WIZ850IO,REL,N/A,N/A,N/A,N/A,N/A,?,?
23,1,E064362,"CONN-PCB 60POS HIGH SPEED GND PLANE HDR, 0.5MM PITCH", QTH-030-07-L-D-A,CNSAMTECQTH-030-07-X-D-A,N/A,N/A,N/A,P1,SAMTEC INC., QTH-030-07-L-D-A,REL,N/A,N/A,N/A,N/A,N/A,?,?
24,2,E061218,"CONN-PCB 3POS MALE SHROUDED WIRE TO BRD ST TOP ENTRY, 3.81MM PITCH, 3.5MM SOLDER TAIL, BLUE", TBP02R2-381-03BE,CNCUITBP02R2-381-03,N/A,N/A,N/A,"P3,P5",CUI DEVICES, TBP02R2-381-03BE,REL,N/A,N/A,N/A,N/A,N/A,?,?
25,1,E028449,CONN-PCB MICRO SD CARD HDR 8 POS RA, DM3BT-DSF-PEJS,CNHRSDM3BT-DSF-PEJS,N/A,N/A,N/A,P4,HIROSE ELECTRIC CO, DM3BT-DSF-PEJS,REL,N/A,N/A,N/A,N/A,N/A,?,?
26,1,E035158,"CONN-PCB 7POS MALE UNSHROUDED HDR ST, 2.54MM PITCH", TSW-107-14-G-S,CNTHMHDR1X7L700W100H433,N/A,N/A,N/A,P6,SAMTEC INC., TSW-107-14-G-S,REL,N/A,N/A,N/A,N/A,N/A,?,?
28,4,E003751,RES SMD 10K Ohm 1% 1/10W 0402 AEC-Q200, 10K,R0402,1,N/A,1/10W,"R1,R2,R5,R104",PANASONIC, ERJ-2RKF1002X,REL,A003-0035-004,41816DG719,N/A,N/A,7000582,?,?
29,2,E042730,RES SMD 4.7K OHM 5% 1/10W 0402 AEC-Q200, 4.7K,R0402,5,N/A,1/10W,"R102,R105",PANASONIC, ERJ-2GEJ472X,REL,N/A,N/A,N/A,N/A,N/A,?,?
31,7,E060779,RES SMD 10K OHM 1% 1/16W 0402, 10K,R0402,1,N/A,1/16W,"R16,R18,R19,R20,R27,R28,R29",BOURNS, CR0402-FX-1002GLF,REL,N/A,N/A,N/A,N/A,N/A,?,?
32,1,E026136,RES SMD 5.11K Ohm 1% 1/10W 0603 AEC-Q200, 5.11K,R0603,1,N/A,1/10W,R17,PANASONIC, ERJ-3EKF5111V,REL,N/A,N/A,N/A,N/A,N/A,?,?
33,4,E003671,RES SMD 10K Ohm 1% 1/10W 0603 AEC-Q200, 10K,R0603,1,N/A,1/10W,"R21,R26,R73,R74",PANASONIC, ERJ-3EKF1002V,REL,A003-0032-006,N/A,FEC 911-355,1517_CAB3,7000401,?,?
34,2,E003673,RES SMD 49.9 Ohm 1% 1/10W 0603 AEC-Q200,49.9,R0603,1,N/A,1/10W,"R22,R24",PANASONIC, ERJ-3EKF49R9V,REL,A003-0032-008,41816DG314,N/A,N/A,N/A,?,?
35,2,E003726,RES SMD 4.99K Ohm 1% 1/10W 0603 AEC-Q200, 4.99K,R0603,1,N/A,1/10W,"R23,R25",PANASONIC, ERJ-3EKF4991V,REL,A003-0032-086,41816DG744,N/A,N/A,7007555,?,?
36,1,E003668,RES SMD 100 Ohm 1% 1/10W 0603 AEC-Q200,100,R0603,1,N/A,1/10W,R3,PANASONIC, ERJ-3EKF1000V,REL,A003-0032-003,41816DG308,FEC 911-112,1514_CAB3,7005700,?,?
39,1,E003782,RES SMD 1.5K Ohm 1% 1/10W 0402 AEC-Q200, 1.5K,R0402,1,N/A,1/10W,R35,PANASONIC, ERJ-2RKF1501X,REL,A003-0035-039,41816DG1293,N/A,N/A,N/A,?,?
40,1,E031023,RES SMD 4.7MEG Ohm 5% 1/2W 2010 HIGH VOLTAGE, 4.7MEG,R2010,5,N/A,1/2W,R36,BOURNS, CHV2010-JW-475ELF,REL,N/A,N/A,N/A,N/A,N/A,?,?
41,4,E015598,RES SMD 866 Ohm 1% 1/10W 0402 AEC-Q200,866,R0402,1,N/A,1/10W,"R4,R6,R8,R9",PANASONIC, ERJ-2RKF8660X,REL,N/A,N/A,N/A,N/A,7008483,?,?
42,2,E003682,RES SMD 1MEG Ohm 1% 1/10W 0603 AEC-Q200, 1MEG,R0603,1,N/A,1/10W,"R71,R72",PANASONIC, ERJ-3EKF1004V,REL,A003-0032-017,41816DG307,FEC 911-598,N/A,N/A,?,?
43,3,E019205,SWITCH TACTILE SPST-NO, PTS645SK43SMTR92LFS,SWSMSQ236H169,N/A,12V,N/A,"S1,S2,S3",C&AMP;K COMPONENTS, PTS645SK43SMTR92 LFS,REL,N/A,N/A,N/A,N/A,6003262,?,?
44,1,E019272,MOD CHIP ON GLASS LIQUID CRYSTAL DISPLAY, NHD-C12832A1Z-NSW-BBW-3V3,MNHD-C12832A1Z,N/A,N/A,N/A,U1,NEWHAVEN DISPLAY, NHD-C12832A1Z-NSW-BBW-3V3,REL,N/A,N/A,N/A,N/A,N/A,?,?
45,1,E016304,IC-ADI SIGNAL AND POWER ISOLATED RS-485 XCVR ESD PROTECTION, ADM2587EBRWZ,SO20WB-2,N/A,N/A,?,U2,ADI, ADM2587EBRWZ,REL,N/A,N/A,N/A,N/A,1003540,?,?
46,1,E049968,"IC ROBUST, INDUSTRIAL, LOW POWER 10BASE-T1L ETHERNET MAC-PHY", ADIN1110CCPZ,QFN40_6X6_PAD3_5X3_5,N/A,N/A,?,U8,ANALOG DEVICES, ADIN1110CCPZ,REL,N/A,N/A,N/A,N/A,N/A,?,?
47,1,E051324,XTAL 25MEGHZ 10PPM 10PF 80 OHM, 25MEGHZ,YSML79W63H20,10PPM,N/A,N/A,Y1,EPSON TOYOCOM, FA-128 25.0000MF20X-K0,REL,N/A,N/A,N/A,N/A,N/A,?,?
,,,,,,,,,,,,,,,,,,,
,,,,,,,,,,,,,,,,,,,
The following components are part of the PCB or are NOT to be installed,,,,,,,,,,,,,,,,,,,
ITEM#,Qty,WW_PN,DESCRIPTION, VALUE,JEDEC_TYPE,TOL,VOLTAGE,WATTAGE,LOCATION,MFG, MFG_PN,HLM_STATUS,STOCKROOM_WL,STOCKROOM_GT,STOCKROOM_LK,STOCKROOM_GBO,STOCKROOM_NSH,CUSTOM_PART,DNI
14,1,E048971,DIO GAS DISCHARGE TUBE 800VDC 5KADC 5AAC 1PF, 2038-80-SM-RPLF,D2038,N/A,800V,N/A,D6,BOURNS, 2038-80-SM-RPLF,REL,N/A,N/A,N/A,N/A,N/A,?,DNI
20,1,E028572,"IND EMI SUPPRESSION FERRITE BEAD, 1A, 0.3OHM DCR", 1500OHMS AT 100MEGHZ,L0805H43,25,N/A,N/A,E4,WURTH ELEKTRONIK,742792097,REL,N/A,N/A,N/A,N/A,N/A,?,DNI
27,1,E000753,CONN-PCB BERG HDR ST MALE 20P, TSW-110-08-G-D,CNBERG2X10H330LD36,N/A,N/A,N/A,P7,SAMTEC, TSW-110-08-G-D,REL,A012-0003-045,40313JH020,N/A,N/A,N/A,?,DNI
30,3,E048466,RES SMD 4.7K OHM 5% 1/16W 0402, 4.7K,R0402,5,N/A,1/16W,"R12,R13,R15",YAGEO, RC0402JR-074K7L,REL,N/A,N/A,N/A,N/A,N/A,?,DNI
37,1,E057043,RES SMD 8.2 OHM 5% 1/10W 0402 AEC-Q200,8.2,R0402,5,N/A,1/10W,R30,PANASONIC, ERJ-2GEJ8R2X,REL,N/A,N/A,N/A,N/A,N/A,?,DNI
38,1,E010569,RES SMD 205 Ohm 1% 1/10W 0402 AEC-Q200,205,R0402,1,N/A,1/10W,R31,PANASONIC, ERJ-2RKF2050X,REL,N/A,41816JH1944,N/A,N/A,7006704,?,DNI
