TITLE: Bill of Materials
BOM NO: 05-069500-01-b.csv
DATE: 05/30/2023
DESIGN: 02_069500b_top
TEMPLATE: Z:\allegro\v174_site\cdssetup\template.bom
CALLOUT: 

ITEM#,Qty,WW_PN,DESCRIPTION," VALUE",JEDEC_TYPE,TOL,VOLTAGE,WATTAGE,LOCATION,MFG," MFG_PN",HLM_STATUS,STOCKROOM_WL,STOCKROOM_GT,STOCKROOM_LK,STOCKROOM_GBO,STOCKROOM_NSH,CUSTOM_PART,DNI
1,1,08_069500b,PCB,?,?,?,?,?,?,Analog Devices Supplied,08_069500b,N/A,?,?,?,?,?,?,?
2,1,E060176,CAP CER 100NF 25V 10% X5R 0402," 100NF",C0402,10,25V,N/A,C1,TDK," C1005X5R1E104K050BC",REL,N/A,N/A,N/A,N/A,N/A,?,?
3,7,E028140,CAP CER 1uF 10V 10% X7S 0402 AEC-Q200," 1uF",C0402,10,10V,N/A,"C4,C7,C8,C9,C10,C11,C16",MURATA," GCM155C71A105KE38D",REL,N/A,N/A,N/A,N/A,N/A,?,?
4,1,E025497,CAP CER 22uF 35V 20% X5R 0805 LOW ESR," 22uF",C0805H60,20,35V,N/A,C12,TDK," C2012X5R1V226M125AC",REL,N/A,N/A,N/A,N/A,N/A,?,?
5,2,E048331,CAP CER 0.1UF 50V 10% X7R 0402 AEC-Q200," 0.1UF",C0402,10,50V,N/A,"C13,C15",MURATA," GCM155R71H104KE02D",REL,N/A,N/A,N/A,N/A,N/A,?,?
6,1,E042115,CAP CER 0.022uF 25V 10% X7R 0402 AEC-Q200," 0.022uF",C0402,10,25V,N/A,C2,MURATA," GCM155R71E223KA55D",REL,N/A,N/A,N/A,N/A,N/A,?,?
7,1,E028468,CAP CER 4.7uF 50V 10% X7R 0805," 4.7uF",C0805H53,10,50V,N/A,C3,MURATA," GRM21BZ71H475KE15L",REL,N/A,N/A,N/A,N/A,N/A,?,?
8,1,E034944,CAP CER 6800pF 50V 10% X7R 0402 AEC-Q200," 6800pF",C0402,10,50V,N/A,C5,YAGEO," AC0402KRX7R9BB682",REL,N/A,N/A,N/A,N/A,N/A,?,?
9,1,E020089,CAP CER 4.7uF 6.3V 10% X5R 0402 LOW ESR," 4.7uF",C0402,10,6.3V,N/A,C6,TDK," C1005X5R0J475K050BC",REL,N/A,N/A,N/A,1661_CAB3,N/A,?,?
10,2,E061558,DIO ZENER 15V 2% 15 OHM," BZT52B15LP-7B",DFN2_1X0_6,2,15V,N/A,"D1,D2",DIODES INCORPORATED," BZT52B15LP-7B",REL,N/A,N/A,N/A,N/A,N/A,?,?
11,2,E020972,LED GREEN RECT CLEAR," LTST-C193KGKT-5A",LED0603H12,N/A,N/A,0.075W,"DS1,DS2",LITE-ON TECHNOLOGY," LTST-C193KGKT-5A",REL,N/A,N/A,N/A,N/A,N/A,?,?
12,1,E055749,MOD USB 2.0 TYPE-C RA," 12402012E212A",M12402012E212A,N/A,N/A,N/A,M1,AMPHENOL," 12402012E212A",REL,N/A,N/A,N/A,N/A,N/A,?,?
13,1,E026049,CONN-PCB TERMINAL BLK ST 10A 3.81MM PITCH," CTB0308/2",CNCAMDENCTB0308_2,N/A,N/A,N/A,P11,CAMDENBOSS," CTB0308/2",REL,N/A,N/A,N/A,N/A,N/A,?,?
14,2,E027673,"CONN-PCB 8 POS MALE HDR UNSHROUDED SINGLE ROW ST, 2.54MM PITCH, 6.10MM POST HEIGHT, 3MM SOLDER TAIL"," M20-9990846",CNHDR1X8H335,N/A,N/A,N/A,"P12,P14",HARWIN," M20-9990846",REL,N/A,N/A,N/A,N/A,N/A,?,?
15,1,E023119,CONN-PCB HDR ST 2POS 2.54MM PITCH," TSW-101-08-F-D",CNHDR2X1H340,N/A,N/A,N/A,P15,SAMTEC," TSW-101-08-F-D",REL,N/A,N/A,N/A,N/A,N/A,?,?
16,1,E061557,TRAN MOSFET N-CH 80V 170A," PSMN4R2-80YSEX",SOT1023,N/A,80V,294W,Q1,NEXPERIA," PSMN4R2-80YSEX",REL,N/A,N/A,N/A,N/A,N/A,?,?
17,1,E026048,TRAN N-CHANNEL POWER MOSFET," BSZ019N03LSATMA1",PG-TSDSON-8_A,N/A,30V,69W,Q2,INFINEON TECHNOLOGIES," BSZ019N03LSATMA1",REL,N/A,N/A,N/A,N/A,N/A,?,?
18,5,E030383,RES SMD 2.15K Ohm 1% 1/10W 0402 AEC-Q200," 2.15K",R0402,1,N/A,1/10W,"R1,R9,R10,R11,R12",PANASONIC," ERJ-2RKF2151X",REL,N/A,N/A,N/A,N/A,N/A,?,?
19,3,E026957,RES SMD 49.9K Ohm 1% 1/16W 0402," 49.9K",R0402,1,N/A,1/16W,"R2,R8,R13",YAGEO," RC0402FR-0749K9L",REL,N/A,N/A,N/A,N/A,N/A,?,?
20,1,E015614,RES SMD 11K Ohm 1% 1/10W 0402 AEC-Q200," 11K",R0402,1,N/A,1/10W,R14,PANASONIC," ERJ-2RKF1102X",REL,N/A,N/A,N/A,N/A,7005990,?,?
21,2,E056769,RES SMD 1.5K OHM 5% 1/4W 0603 AEC-Q200 ANTI-SURGE," 1.5K",R0603,5,N/A,1/4W,"R6,R15",PANASONIC," ERJ-PA3J152V",REL,N/A,N/A,N/A,N/A,N/A,?,?
22,1,E042731,RES SMD 10 OHM 5% 1/10W 0402 AEC-Q200," 10",R0402,5,N/A,1/10W,R16,PANASONIC," ERJ-2GEJ100X",REL,N/A,N/A,N/A,N/A,N/A,?,?
23,2,E027220,RES SMD 100K Ohm 5% 1/16W 0402 AEC-Q200," 100K",R0402,5,N/A,1/16W,"R17,R21",VISHAY," CRCW0402100KJNED",REL,N/A,N/A,N/A,N/A,7000590,?,?
24,1,E006343,RES SMD 95.3K Ohm 1% 1/10W 0402 AEC-Q200," 95.3K",R0402,1,N/A,1/10W,R18,PANASONIC," ERJ-2RKF9532X",REL,ADD_TO_STOCK434,41816JH1212,N/A,N/A,N/A,?,?
25,1,E025964,RES SMD 5K Ohm 0.1% 1/20W 0402 NON MAGNETIC SULFUR RESISTANT," 5K",R0402H33,0.1,N/A,1/20W,R19,VISHAY," PNM0402E5001BST1",REL,N/A,N/A,N/A,N/A,N/A,?,?
26,1,E061842,RES SMD 0.007 OHM 1/2W 1% 0603," 0.007",R0603,1,N/A,1/2W,R20,VISHAY," WFCP06037L000FE66",REL,N/A,N/A,N/A,N/A,N/A,?,?
27,1,E017078,RES SMD 0.1 Ohm 1% 1/6W 0402 AEC-Q200," 0.1",R0402,1,N/A,1/6W,R22,PANASONIC," ERJ-2BSFR10X",REL,N/A,N/A,N/A,N/A,7005414,?,?
28,1,E026070,RES SMD 124K Ohm 1% 1/16W 0402," 124K",R0402,1,N/A,1/16W,R3,YAGEO," RC0402FR-07124KL",REL,N/A,N/A,N/A,N/A,N/A,?,?
29,1,E022063,RES SMD 57.6K Ohm 1% 1/16W 0402 AEC-Q200," 57.6K",R0402,1,N/A,1/16W,R4,VISHAY," CRCW040257K6FKED",REL,N/A,N/A,N/A,N/A,N/A,?,?
30,1,E025232,RES SMD 0 Ohm JUMPER 1/16W 0402," 0",R0402,JUMPER,N/A,1/16W,R5,YAGEO," RC0402JR-070RL",REL,N/A,N/A,N/A,N/A,7008627,?,?
32,2,E055746,SWITCH 3 POS RAISED SLIDE DIP SPST 0.025A 24VDC," DS01C-254-S-03BE",SWTHL356W390H281,N/A,N/A,N/A,"S1,S2",CUI DEVICES," DS01C-254-S-03BE",REL,N/A,N/A,N/A,N/A,N/A,?,?
33,1,E055747,SWITCH 4 POS RAISED SLIDE DIP SPST 0.025A 24VDC," DS01C-254-L-04BE",SWTHL456W390H281,N/A,N/A,N/A,S3,CUI DEVICES," DS01C-254-L-04BE",REL,N/A,N/A,N/A,N/A,N/A,?,?
34,1,E031515,IC-LIN SURGE STOPPER WITH IDEAL DIODE," LTC4364HDE-2#PBF",DFN14_4X3_PAD3_3X1_7,N/A,N/A,?,U1,LINEAR TECHNOLOGY," LTC4364HDE-2#PBF",REL,N/A,N/A,N/A,N/A,N/A,?,?
35,1,E023518,"IC-ADI LOW NOISE, CMOS LDO LINEAR REGULATOR 3.3 VOUT"," ADP7142ACPZN3.3",DFN6_2X2_PAD1_6X1,N/A,N/A,?,U2,ANALOG DEVICES," ADP7142ACPZN3.3-R7",REL,N/A,N/A,N/A,N/A,N/A,?,?
36,1,E055643,"IC LOW-VOLTAGE, DUAL DPDT/QUAD SPDT ANALOG SWITCHES"," MAX4701ETE+",QFN16_3X3_PAD1_1X1_1,N/A,N/A,?,U3,MAXIM INTEGRATED," MAX4701ETE+",REL,N/A,N/A,N/A,N/A,N/A,?,?
37,1,E045058,IC STANDALONE USB TYPE-C AND USB POWER DELIVERY CONTROLLER," MAX77958EWV+",WLCSP30H27,N/A,N/A,?,U4,MAXIM INTEGRATED," MAX77958EWV+",REL,N/A,N/A,N/A,N/A,N/A,?,?


The following components are part of the PCB or are NOT to be installed
ITEM#,Qty,WW_PN,DESCRIPTION," VALUE",JEDEC_TYPE,TOL,VOLTAGE,WATTAGE,LOCATION,MFG," MFG_PN",HLM_STATUS,STOCKROOM_WL,STOCKROOM_GT,STOCKROOM_LK,STOCKROOM_GBO,STOCKROOM_NSH,CUSTOM_PART,DNI
 31,1,E030383,RES SMD 2.15K Ohm 1% 1/10W 0402 AEC-Q200," 2.15K",R0402,1,N/A,1/10W,R7,PANASONIC," ERJ-2RKF2151X",REL,N/A,N/A,N/A,N/A,N/A,?,DNI

