TITLE: Bill of Materials
BOM NO: 05-080779-01-a.csv
DATE: 02/08/2024
DESIGN: 02_080779a_top
TEMPLATE: Z:\allegro\v174_site\cdssetup\template.bom
CALLOUT: 

ITEM#,Qty,WW_PN,DESCRIPTION," VALUE",JEDEC_TYPE,TOL,VOLTAGE,WATTAGE,LOCATION,MFG," MFG_PN",HLM_STATUS,STOCKROOM_WL,STOCKROOM_GT,STOCKROOM_LK,STOCKROOM_GBO,STOCKROOM_NSH,CUSTOM_PART,DNI
1,1,08_080779a,PCB,?,?,?,?,?,?,Analog Devices Supplied,08_080779a,N/A,?,?,?,?,?,?,?
2,1,E017113,BATTERY MS LITHIUM RECHARGEABLE," N/A",BTMS621FE-FL11E,N/A,3V,N/A,BT1,SEIKO INSTRUMENTS INC," MS621FE-FL11E",REL,N/A,N/A,N/A,N/A,6002589,?,?
3,5,E031467,CAP CER 0.1uF 50V 5% X7R 0805," 0.1uF",C0805,5,50V,N/A,"C1,C2,C4,C5,C6",AVX CORPORATION," 08055C104JAT2A",REL,N/A,N/A,N/A,N/A,N/A,?,?
4,2,E042072,CAP CER 22uF 6.3V 20% X7R 1206 AEC-Q200," 22uF",C1206H71,20,6.3V,N/A,"C10,C12",TDK," CGA5L1X7R0J226M160AC",REL,N/A,N/A,N/A,N/A,N/A,?,?
5,7,E048331,CAP CER 0.1UF 50V 10% X7R 0402 AEC-Q200," 0.1UF",C0402,10,50V,N/A,"C85,C86,C88,C89,C96,C101,C180",MURATA," GCM155R71H104KE02D",REL,N/A,N/A,N/A,N/A,N/A,?,?
6,1,E000396,CAP CER 33pF 50V 5% C0G 0603," 33pF",C0603,5,50V,N/A,C11,YAGEO," CC0603JRNPO9BN330",REL,N/A,N/A,722029,N/A,7003089,?,?
7,17,E019219,CAP CER 1uF 16V 10% 0402 LOW ESR," 1uF",C0402,10,16V,N/A,"C62,C63,C64,C65,C74,C75,C76,C77,C78,C79,C80,C81,C83,C84,C87,C123,C142",TDK," C1005X6S1C105K050BC",REL,N/A,N/A,N/A,N/A,7002703,?,?
8,2,E030749,CAP CER 4.7uF 10V 10% X7S 0603 LOW ESR," 4.7uF",C0603,10,10V,N/A,"C124,C125",TDK," C1608X7S1A475K080AC",REL,N/A,N/A,N/A,N/A,N/A,?,?
10,14,E047690,CAP CER 0.022UF 50V 5% C0G 0805 AEC-Q200 HIGH TEMP," 0.022UF",C0805H55,5,50V,N/A,"C19,C20,C23,C24,C25,C27,C29,C30,C31,C32,C33,C34,C35,C36",TDK," CGA4J2NP01H223J125AA",REL,N/A,N/A,N/A,N/A,N/A,?,?
11,2,E014704,CAP CER 10uF 25V 10% X5R 0805," 10uF",C0805H60,10,25V,N/A,"C3,C7",MURATA," GRM21BR61E106KA73L",REL,N/A,N/A,N/A,N/A,7002498,?,?
12,2,E007476,CAP CER 18pF 50V 5% C0G 0402," 18pF",C0402,5,50V,N/A,"C37,C38",MURATA," GJM1555C1H180JB01D",REL,ADD_TO_STOCK_246,N/A,N/A,1572_CAB3,7002671,?,?
13,1,E020596,CAP CER 1uF 16V 10% X7R 0603 AEC-Q200 LOW ESR," 1uF",C0603,10,16V,N/A,C39,TDK," CGA3E1X7R1C105K080AC",REL,N/A,N/A,N/A,N/A,N/A,?,?
14,4,E025322,CAP CER 4.7uF 10V 10% X5R 0603," 4.7uF",C0603,10,10V,N/A,"C40,C41,C42,C43",KEMET," C0603C475K8PACTU",REL,N/A,N/A,N/A,N/A,N/A,?,?
15,4,E025708,NRND-CAP CER 0.1uF 25V 10% X7R 0402 AEC-Q200," 0.1uF",C0402,10,25V,N/A,"C44,C45,C46,C47",TAIYO YUDEN," TMK105B7104KVHF",RWC,N/A,N/A,N/A,N/A,N/A,?,?
16,3,E029660,CAP CER 51pF 50V 5% C0G 0402," 51pF",C0402,5,50V,N/A,"C52,C54,C55",AVX CORPORATION," 04025A510JAT2A",REL,N/A,N/A,N/A,N/A,N/A,?,?
17,9,E032295,CAP CER 0.01uF 100V 10% X7S 0402," 0.01uF",C0402,10,100V,N/A,"C66,C67,C68,C69,C70,C71,C72,C73,C82",TDK," C1005X7S2A103K050BB",REL,N/A,N/A,N/A,N/A,N/A,?,?
18,1,E046064,CAP TANT POLY 470UF 6.3V 20% 7343 0.025 OHM," 470UF",C7343H157,20,6.3V,N/A,C8,PANASONIC," 6TPE470M",REL,N/A,N/A,N/A,N/A,N/A,?,?
19,1,E021512,CAP CER 22uF 6.3V 20% X5R 0603 LOW ESR," 22uF",C0603,20,6.3V,N/A,C9,TDK," C1608X5R0J226M080AC",REL,N/A,N/A,N/A,N/A,N/A,?,?
20,1,E039538,"DIO SWITCHING GEN PURPOSE, 0.3A"," 1N4148X-TP",SOD523_B,N/A,75V,N/A,D10,MICRO COMMERCIAL COMPONENTS," 1N4148X-TP",REL,N/A,N/A,N/A,N/A,N/A,?,?
21,2,E022225,DIODE SINGLE CHANNEL SILICON ESD," SESD0201X1UN-0020-09",D0201,N/A,9V,N/A,"D6,D7",TE CONNECTIVITY," SESD0201X1UN-0020-09",REL,N/A,N/A,N/A,N/A,N/A,?,?
22,3,E010948,DIODE HYPER BRIGHT LOW CURRENT LED (GREEN)," LG L29K-G2J1-24-Z",LED0603-2,N/A,N/A,N/A,"DS1,DS2,DS3",OSRAM OPTO SEMICONDUCTORS," LG L29K-G2J1-24-Z",REL,ADD_TO_STOCK,N/A,N/A,N/A,7003938,?,?
23,1,E038542,"IND FERRITE BEAD 0.35OHM DCR, 0.71A"," 120OHM",L0402,25,N/A,N/A,FB1,WURTH ELEKTRONIK," 7427927112",REL,N/A,N/A,N/A,N/A,N/A,?,?
24,4,E008092,IND CHIP FERRITE BEAD 0805," 1500 OHMS",L0805,25,N/A,N/A,"L1,L2,L3,L4",MURATA MANUFACTURING," BLM21BD152SN1D",REL,N/A,40915JH201,N/A,N/A,N/A,?,?
25,1,E061966,IND POWER CHOKE SHIELDED WIREWOUND 1.2UH 20% 100KHZ 2.6A 0.042 OHM DCR 2828," 1.2UH",LSMSQ110H118,20,N/A,N/A,L5,WURTH ELEKTRONIK," 744025001",REL,N/A,N/A,N/A,N/A,N/A,?,?
26,1,E027226,"INDUCTOR WIREWOUND COMMON MODE CHOKE COIL, 0.35OHM DCR, 0.33A"," 90OHMS AT 100MEGHZ",L0805-4PH39,25,50V,N/A,L7,MURATA," DLW21HN900SQ2L",REL,N/A,N/A,N/A,N/A,N/A,?,?
27,4,E030191,"LED CHIMP LAMP RED, 640NM"," APT1608LSECK/J3-PRV",LED0603,N/A,1.8V,N/A,"LED1,LED2,LED3,LED6",KINGBRIGHT ELECTRONIC," APT1608LSECK/J3-PRV",REL,N/A,N/A,N/A,N/A,N/A,?,?
28,1,E027397,LED CHIP LAMP GREEN 525NM (CLEAR)," APT1608LZGCK",LED0603,N/A,2.65V,0.075W,LED5,KINGBRIGHT ELECTRONIC," APT1608LZGCK",REL,N/A,N/A,N/A,N/A,N/A,?,?
29,1,E064109,MOD AC/DC CONVERTER 3.3V 3W SINGLE OUTPUT ENCAPSULATED TYPE," IRM-03-3.3",MIRM-03,N/A,3.3V,3W,M1,MEAN WELL USA INC.," IRM-03-3.3",REL,N/A,N/A,N/A,N/A,N/A,?,?
30,1,E023407,"CONN-PCB HDR 1.27MM PITCH, KEYING OPTION"," FTSH-105-01-L-DV-K",CNHDR2X5H245,N/A,N/A,N/A,P1,SAMTEC," FTSH-105-01-L-DV-K",REL,N/A,N/A,N/A,N/A,N/A,?,?
31,1,E052752,CONN-PCB USB 2.0 TYPE C RCP RA 16POS 0.5MM PITCH," 2137160001",CNMOLEX2137160001,N/A,N/A,N/A,P10,MOLEX," 2137160001",REL,N/A,N/A,N/A,N/A,N/A,?,?
32,1,E014016,CONN-PCB RCPT HI-SPD .5MM 60P," QSH-030-01-L-D-A",CNHDR2X30H202,N/A,N/A,N/A,P2,SAMTEC," QSH-030-01-L-D-A",REL,N/A,N/A,N/A,N/A,6002263,?,?
33,5,E060556,"CONN-PCB 2POS WIRE TO BRD TERMINAL BLOCK ST TOP ENTRY, 3.81MM PITCH"," TBP04R2-500-02BE",CNCUITBP04R2-500-02,N/A,N/A,N/A,"P3,P4,P5,P6,P7",CUI DEVICES," TBP04R2-500-02BE",REL,N/A,N/A,N/A,N/A,N/A,?,?
34,1,E054826,"CONN-PCB WIRE TO BOARD SHROUDED VERT M 4POS 7.61MM PITCH, 5MM SOLDER TAIL"," 1720592",CNPHOENIX1720592,N/A,N/A,N/A,P8,PHOENIX CONTACT," 1720592",REL,N/A,N/A,N/A,N/A,N/A,?,?
35,8,E007870,DIODE SS 100V 200MA," MMBD4148SE",SOT23,N/A,100V,N/A,"Q1,Q2,Q3,Q4,Q5,Q6,Q7,Q9",FAIRCHILD SEMICONDUCTOR," MMBD4148SE",REL,N/A,N/A,N/A,N/A,7004000,?,?
36,1,E018770,TRAN N-CHAN POWER MOSFET," BSS138LT1G",SOT23,N/A,50V,N/A,Q8,ON SEMICONDUCTOR," BSS138LT1G",REL,N/A,N/A,N/A,N/A,1004217,?,?
37,8,E014529,RES SMD 5.1 Ohm 5% 1/8W 0805 AEC-Q200," 5.1",R0805,5,N/A,1/8W,"R1,R2,R3,R4,R10,R11,R19,R20",PANASONIC," ERJ-6GEYJ5R1V",REL,N/A,N/A,N/A,N/A,7007818,?,?
38,12,E015146,RES SMD 249K Ohm 0.1% 1/4W 1206 AEC-Q200 SULFUR RESISTANT," 249K",R1206,0.1,N/A,1/4W,"R9,R12,R13,R18,R27,R28,R30,R31,R34,R37,R38,R39",VISHAY," TNPW1206249KBEEA",REL,N/A,N/A,N/A,N/A,7006915,?,?
39,1,E003751,RES SMD 10K Ohm 1% 1/10W 0402 AEC-Q200," 10K",R0402,1,N/A,1/10W,R125,PANASONIC," ERJ-2RKF1002X",REL,A003-0035-004,41816DG719,N/A,N/A,7000582,?,?
40,1,E003768,RES SMD 10 Ohm 1% 1/10W 0402 AEC-Q200," 10",R0402,1,N/A,1/10W,R126,PANASONIC," ERJ-2RKF10R0X",REL,A003-0035-025,41816DG1131,N/A,N/A,N/A,?,?
41,8,E004447,RES SMD 0 Ohm JUMPER 1/10W 0603 AEC-Q200," 0",R0603,JUMPER,N/A,1/10W,"R5,R6,R14,R15,R21,R22,R23,R24",PANASONIC," ERJ-3GEY0R00V",REL,N/A,N/A,N/A,N/A,7008623,?,?
42,1,E010267,RES SMD 5.1K Ohm 0.1% 1/16W 0402 AEC-Q200 HIGH RELIABILITY," 5.1K",R0402,0.1,25V,1/16W,R157,PANASONIC," ERA-2AEB512X",REL,A003-0093-008,41816DG1569,N/A,N/A,N/A,?,?
43,19,E020747,RES SMD 1K Ohm 0.1% 1/10W 0603 AEC-Q200 SULFUR RESISTANT HIGH STABILITY," 1K",R0603,0.1,75V,1/10W,"R7,R8,R16,R17,R25,R26,R29,R32,R33,R35,R36,R40,R41,R42,R44,R45,R46,R47,R50",VISHAY," TNPW06031K00BEEA",REL,N/A,N/A,N/A,N/A,N/A,?,?
44,4,E028377,RES SMD 10K Ohm 5% 1/10W 0603," 10K",R0603,5,N/A,1/10W,"R43,R54,R81,R96",YAGEO," RC0603JR-0710KL",REL,N/A,N/A,N/A,N/A,7009726,?,?
45,1,E010020,RES SMD 28K Ohm 1% 1/10W 0402 AEC-Q200," 28K",R0402,1,50V,1/10W,R48,PANASONIC," ERJ-2RKF2802X",REL,N/A,41816JH1432,N/A,1655_CAB3,7007033,?,?
46,1,E036030,RES SMD 23.2K Ohm 1% 1/10W 0402 AEC-Q200," 23.2K",R0402,1,N/A,1/10W,R49,PANASONIC," ERJ-2RKF2322X",REL,N/A,N/A,N/A,N/A,N/A,?,?
47,1,E025179,RES SMD 115K Ohm 1% 1/10W 0402 AEC-Q200," 115K",R0402,1,N/A,1/10W,R51,PANASONIC," ERJ-2RKF1153X",REL,N/A,N/A,N/A,N/A,N/A,?,?
48,1,E023712,RES SMD 44.2K Ohm 1% 1/10W 0402 AEC-Q200," 44.2K",R0402,1,N/A,1/10W,R52,PANASONIC," ERJ-2RKF4422X",REL,N/A,N/A,N/A,N/A,N/A,?,?
49,5,E048466,RES SMD 4.7K OHM 5% 1/16W 0402," 4.7K",R0402,5,N/A,1/16W,"R53,R55,R57,R61,R62",YAGEO," RC0402JR-074K7L",REL,N/A,N/A,N/A,N/A,N/A,?,?
50,1,E033969,RES SMD 620 Ohm 1% 1/10W 0603 AEC-Q200," 620",R0603,1,N/A,1/10W,R56,PANASONIC," ERJ-3EKF6200V",REL,N/A,N/A,N/A,N/A,N/A,?,?
51,2,E003438,RES SMD 0 Ohm JUMPER 1/10W 0402 AEC-Q200," 0",R0402,JUMPER,N/A,1/10W,"R58,R59",PANASONIC," ERJ-2GE0R00X",REL,A003-0021-001,N/A,N/A,1138_CAB3,7000282,?,?
53,1,E060779,RES SMD 10K OHM 1% 1/16W 0402," 10K",R0402,1,N/A,1/16W,R63,BOURNS," CR0402-FX-1002GLF",REL,N/A,N/A,N/A,N/A,N/A,?,?
54,1,E027220,RES SMD 100K Ohm 5% 1/16W 0402 AEC-Q200," 100K",R0402,5,N/A,1/16W,R64,VISHAY," CRCW0402100KJNED",REL,N/A,N/A,N/A,N/A,7000590,?,?
55,2,E031653,RES SMD 47K Ohm 0.5% 1/16W 0402 AEC-Q200 HIGH RELIABILITY," 47K",R0402,0.5,N/A,1/16W,"R65,R66",PANASONIC," ERA-2AED473X",REL,N/A,N/A,N/A,N/A,N/A,?,?
57,3,E034483,RES SMD 0 Ohm JUMPER 1/10W 0603," 0",R0603,JUMPER,N/A,1/10W,"R68,R72,R76",YAGEO," RC0603JR-070RL",REL,N/A,N/A,N/A,N/A,N/A,?,?
58,1,E061761,RES SMD 20K OHM 1% 1/16W 0402," 20K",R0402,1,N/A,1/16W,R69,"STACKPOLE ELECTRONICS, INC."," RMCS0402FT20K0",REL,N/A,N/A,N/A,N/A,N/A,?,?
59,1,E007344,RES SMD 3.57K Ohm 1% 1/10W 0402 AEC-Q200," 3.57K",R0402,1,N/A,1/10W,R70,PANASONIC," ERJ-2RKF3571X",REL,A003-0035-085,41816JH990,N/A,N/A,7007135,?,?
61,3,E015598,RES SMD 866 Ohm 1% 1/10W 0402 AEC-Q200," 866",R0402,1,N/A,1/10W,"R77,R78,R79",PANASONIC," ERJ-2RKF8660X",REL,N/A,N/A,N/A,N/A,7008483,?,?
62,1,E016303,SWITCH ULTRA SMALL TACTILE," B3U-1000P",SWSML118W98H69,N/A,N/A,N/A,S1,OMRON," B3U-1000P",REL,N/A,N/A,N/A,N/A,6003208,?,?
64,1,E050046,"IC-ADI HIGH PERFORMANCE, POLYPHASE ENERGY, AND CLASS S POWER QUALITY MONITORING IC"," ADE9430ACPZ",QFN40_6X6_PAD4_6X4_6,N/A,N/A,?,U1,ANALOG DEVICES," ADE9430ACPZ",REL,N/A,N/A,N/A,N/A,N/A,?,?
65,1,E060311,IC PSRAM 512MBIT HYPERBUS AEC-Q100," S80KS5122GABHM020",BGA24_8X6,N/A,N/A,?,U10,INFINEON TECHNOLOGIES," S80KS5122GABHM020",REL,N/A,N/A,N/A,N/A,N/A,?,?
66,1,E060310,"IC 1.8V, 64M BIT SERIAL FLASH MEMORY"," MX25U6432FM2I02",SOP8_A,N/A,N/A,?,U11,MACRONIX," MX25U6432FM2I02",REL,N/A,N/A,N/A,N/A,N/A,?,?
67,4,E059461,"IC-ADI ULTRA-TINY NANOPOWER, 1A IDEAL DIODES WITH ULTRA-LOW-VOLTAGE DROP"," MAX40203AUK+",SOT23-5L,N/A,N/A,?,"U7,U8,U9,U12",ANALOG DEVICES," MAX40203AUK+",REL,N/A,N/A,N/A,N/A,N/A,?,?
68,1,E016555,IC-ADI ADJ HI PSRR VOLTAGE REGULATOR," ADP225ACPZ",QFN8_2X2_PAD1_6X1,N/A,N/A,?,U17,ANALOG DEVICES," ADP225ACPZ-R7",REL,N/A,N/A,N/A,N/A,1003767,?,?
69,1,E058988,IC-ADI ULTRA-LOW-POWER ARM CORTEX-M4 PROCESSOR WITH FPU-BASED MICROCONTROLLER (MCU) WITH 3MB FLASH AND 1MB SRAM," MAX32650GCE+",QFP144-4,N/A,N/A,?,U2,ANALOG DEVICES," MAX32650GCE+",REL,N/A,N/A,N/A,N/A,N/A,?,?
70,1,E059805,"IC-ADI 5PPM, I2C REAL-TIME CLOCK WITH INTEGRATED MEMS OSCILLATOR"," MAX31343ETAY+T",DFN8_3X4_PAD2_3X2_7,N/A,N/A,?,U3,ANALOG DEVICES," MAX31343ETAY+T",REL,N/A,N/A,N/A,N/A,N/A,?,?
71,1,E064108,IC-ADI QUAD CHANNEL ISOLATORS WITH INTEGRATED DC-TO-DC CONVERTER," ADUM6424ABRNZ3",SO28,N/A,N/A,?,U4,ANALOG DEVICES," ADUM6424ABRNZ3",REL,N/A,N/A,N/A,N/A,N/A,?,?
72,1,E033349,"IC-ADI 7-CH, SPISOLATOR DIGITAL ISOLATORS FOR SPI"," ADUM4152BRIZ",SO20WBH104,N/A,N/A,?,U5,ANALOG DEVICES," ADUM4152BRIZ",REL,N/A,N/A,N/A,N/A,N/A,?,?
73,1,E041728,"IC-ADI 1.5A SYNCHRONOUS STEP-DOWN SWITCHER REGULATOR 1.6MM2, PRELIM"," LTC3306",WLCSP6H26,N/A,N/A,?,U6,ANALOG DEVICES," LTC3306",RWC,N/A,N/A,N/A,N/A,N/A,?,?
74,1,E041028,"IC CRYSTAL QUARTZ, 12PF 50OHM"," 24.576MEGHZ",YSML126W98H31,+/-20PPM,N/A,N/A,X2,"ECS, INC."," ECS-245.7-12-33Q-JES-TR",REL,N/A,N/A,N/A,N/A,N/A,?,?


The following components are part of the PCB or are NOT to be installed
ITEM#,Qty,WW_PN,DESCRIPTION," VALUE",JEDEC_TYPE,TOL,VOLTAGE,WATTAGE,LOCATION,MFG," MFG_PN",HLM_STATUS,STOCKROOM_WL,STOCKROOM_GT,STOCKROOM_LK,STOCKROOM_GBO,STOCKROOM_NSH,CUSTOM_PART,DNI
 9,8,E000383,DO NOT INSTALL (TBD_C0805) PLEASE USE SYM_3 AND/OR SYM_4," TBD0805",C0805,TBD0805,TBD0805,N/A,"C15,C16,C17,C18,C21,C22,C26,C28",TBD0805," TBD0805",REL,TBD0805,N/A,N/A,N/A,N/A,?,DNI
 52,1,E003438,RES SMD 0 Ohm JUMPER 1/10W 0402 AEC-Q200," 0",R0402,JUMPER,N/A,1/10W,R60,PANASONIC," ERJ-2GE0R00X",REL,A003-0021-001,N/A,N/A,1138_CAB3,7000282,?,DNI
 56,3,E034483,RES SMD 0 Ohm JUMPER 1/10W 0603," 0",R0603,JUMPER,N/A,1/10W,"R67,R71,R75",YAGEO," RC0603JR-070RL",REL,N/A,N/A,N/A,N/A,N/A,?,DNI
 60,2,E012705,RES SMD 100K Ohm 0.5% 1/10W 0603," 100K",R0603,0.5,N/A,1/10W,"R73,R74",ROHM," MCR03EZPD1003",REL,N/A,N/A,N/A,N/A,7005768,?,DNI
 63,38,E006153,CONN-PCB TST PNT WHITE," WHT",CNKEY5001TP,N/A,N/A,N/A,"TP1,TP2,TP3,TP4,TP5,TP6,TP7,TP8,TP9,TP10,TP11,TP12,TP13,TP14,TP15,TP16,TP17,TP18,TP21,TP22,TP25,TP26,TP27,TP28,TP29,TP30,TP39,TP41,TP43,TP45,TP47,TP49,TP53,TP54,TP55,TP56,TP57,TP58",KEYSTONE ELECTRONICS," 5002",REL,A012-0018-082,N/A,N/A,N/A,6001075,?,DNI

