TITLE: Bill of Materials
BOM NO: 05-068285-01-b.csv
DATE: 06/13/2023
DESIGN: 02_068285b_top
TEMPLATE: Z:\allegro\v174_site\cdssetup\template.bom
CALLOUT: 

ITEM#,Qty,WW_PN,DESCRIPTION," VALUE",JEDEC_TYPE,TOL,VOLTAGE,WATTAGE,LOCATION,MFG," MFG_PN",HLM_STATUS,STOCKROOM_WL,STOCKROOM_GT,STOCKROOM_LK,STOCKROOM_GBO,STOCKROOM_NSH,CUSTOM_PART,DNI
1,1,08_068285b,PCB,?,?,?,?,?,?,Analog Devices Supplied,08_068285b,N/A,?,?,?,?,?,?,?
2,8,E028140,CAP CER 1uF 10V 10% X7S 0402 AEC-Q200," 1uF",C0402,10,10V,N/A,"C1,C5,C8,C9,C10,C11,C33,C35",MURATA," GCM155C71A105KE38D",REL,N/A,N/A,N/A,N/A,N/A,?,?
3,15,E035311,CAP CER 0.22uF 16V 10% X7R 0402 AEC-Q200," 0.22uF",C0402,10,16V,N/A,"C3,C12,C13,C14,C15,C16,C17,C18,C19,C28,C29,C31,C32,C34,C38",MURATA," GCM155R71C224KE02D",REL,N/A,N/A,N/A,N/A,N/A,?,?
4,5,E030749,CAP CER 4.7uF 10V 10% X7S 0603 LOW ESR," 4.7uF",C0603,10,10V,N/A,"C2,C4,C6,C36,C39",TDK," C1608X7S1A475K080AC",REL,N/A,N/A,N/A,N/A,N/A,?,?
5,4,E033792,CAP CER 12pF 50V 1% C0G 0402," 12pF",C0402,1,50V,N/A,"C20,C21,C22,C23",MURATA," GJM1555C1H120FB01D",REL,N/A,N/A,N/A,N/A,N/A,?,?
6,1,E023441,CAP CER 1000pF 3000V 10% X7R 1812 AEC-Q200 LOW ESR," 1000pF",C1812H71,10,3000V,N/A,C24,KEMET," C1812C102KHRACTU",REL,N/A,N/A,N/A,N/A,N/A,?,?
8,2,E033318,CAP CER 0.47uF 50V 10% X7R 0603," 0.47uF",C0603,10,50V,N/A,"C27,C30",TAIYO YUDEN," UMK107B7474KA-TR",REL,N/A,N/A,N/A,N/A,7002239,?,?
9,1,E023562,CAP CER 0.01uF 2000V 10% X7R 1812 LOW ESR," 0.01uF",C1812H110,10,2000V,N/A,C37,KEMET," C1812C103KGRACTU",REL,N/A,N/A,N/A,N/A,N/A,?,?
12,1,E056116,DIO TVS UNI-DIRECTIONAL 5.5VWM 8.5VC SOT563," DT1446-04V-7",SOT-563,N/A,5.5V,N/A,D1,DIODES INCORPORATED," DT1446-04V-7",REL,N/A,N/A,N/A,N/A,N/A,?,?
13,1,E056264,DIO TVS UNIDIRECTIONAL ARRAY 6V CLAMPING 12A," 8240136",SOT143D,N/A,3.3V,N/A,D2,WURTH ELEKTRONIK," 8240136",REL,N/A,N/A,N/A,N/A,N/A,?,?
14,4,E049966,"LED GREEN CLEAR CHIP SMD, 571NM"," LTST-S270KGKT",LEDSML63W24H49,N/A,2V,3/40W,"DS1,DS2,DS3,DS4",LITE-ON TECHNOLOGY," LTST-S270KGKT",REL,N/A,N/A,N/A,N/A,N/A,?,?
15,1,E046269,IND FERRITE BEAD 300 OHM 25% 100MHZ 2A 0.15 OHM 0603," 300 OHM AT 100MEGHZ",L0603,25,N/A,N/A,E1,WURTH ELEKTRONIK," 742792641",REL,N/A,N/A,N/A,N/A,N/A,?,?
16,4,E033077,"IND CHIP FERRITE BEAD, 0.090OHM DCR, 1.2A"," 120OHM AT 100MEGHZ",L0402,25,N/A,N/A,"E2,E3,E4,E5",TDK," MPZ1005S121CT000",REL,N/A,N/A,N/A,N/A,N/A,?,?
17,1,E027226,"INDUCTOR WIREWOUND COMMON MODE CHOKE COIL, 0.35OHM DCR, 0.33A"," 90OHMS AT 100MEGHZ",L0805-4PH39,25,50V,N/A,L1,MURATA," DLW21HN900SQ2L",REL,N/A,N/A,N/A,N/A,N/A,?,?
18,1,E043428,CONN-PCB RCPT MICRO USB 2.0 TYPE B RA," 10118194-0001LF",CNAMPHENOL10118194-0001LF,N/A,N/A,N/A,P1,AMPHENOL FCI," 10118194-0001LF",REL,N/A,N/A,N/A,N/A,N/A,?,?
19,1,E017336,CONN-PCB HEADER RA 3.81MM P," 1803280",CNHDRRA1X3H285,N/A,N/A,N/A,P2,PHOENIX CONTACT," 1803280",REL,N/A,N/A,N/A,N/A,N/A,?,?
20,1,E005626,CONN-PCB HEADER 2.54MM 3POS VERT," 22-03-2031",CNMOLEX22-03-2031,N/A,N/A,N/A,P3,MOLEX," 22-03-2031",REL,A011-0001-037,N/A,N/A,N/A,N/A,?,?
22,6,E033672,RES SMD 22 Ohm 5% 1/10W 0402 AEC-Q200," 22",R0402,5,N/A,1/10W,"R7,R10,R11,R12,R13,R14",PANASONIC," ERJ-2GEJ220X",REL,N/A,N/A,N/A,N/A,7000284,?,?
23,20,E019615,RES SMD 5.1K Ohm 1% 1/16W 0402 AEC-Q200," 5.1K",R0402,1,50V,1/16W,"R5,R15,R16,R17,R18,R19,R20,R21,R25,R26,R27,R31,R32,R34,R35,R36,R39,R40,R41,R44",VISHAY," CRCW04025K10FKED",REL,N/A,N/A,N/A,N/A,7007833,?,?
24,4,E025232,RES SMD 0 Ohm JUMPER 1/16W 0402," 0",R0402,JUMPER,N/A,1/16W,"R2,R9,R24,R29",YAGEO," RC0402JR-070RL",REL,N/A,N/A,N/A,N/A,7008627,?,?
25,2,E025327,RES SMD 1.5K Ohm 5% 1/10W 0402 AEC-Q200," 1.5K",R0402,5,N/A,1/10W,"R3,R22",PANASONIC," ERJ-2GEJ152X",REL,N/A,N/A,N/A,N/A,N/A,?,?
26,1,E003758,RES SMD 499 Ohm 1% 1/10W 0402 AEC-Q200," 499",R0402,1,N/A,1/10W,R23,PANASONIC," ERJ-2RKF4990X",REL,A003-0035-012,N/A,N/A,750_CAB3,N/A,?,?
27,1,E017257,RES SMD 4.7 Ohm 5% 1/2W 1210 AEC-Q200," 4.7",R1210,5,N/A,1/2W,R28,PANASONIC," ERJ-14YJ4R7U",REL,N/A,N/A,N/A,N/A,7007512,?,?
28,2,E025351,RES SMD 49.9 Ohm 1% 1/4W 0805 SULFUR RESISTANT," 49.9",R0805,1,N/A,1/4W,"R30,R33","STACKPOLE ELECTRONICS, INC."," RNCP0805FTD49R9",REL,N/A,N/A,N/A,N/A,N/A,?,?
29,6,E003753,RES SMD 200 Ohm 1% 1/10W 0402 AEC-Q200," 200",R0402,1,N/A,1/10W,"R37,R43,R45,R46,R47,R51",PANASONIC," ERJ-2RKF2000X",REL,A003-0035-007,41816DG206,N/A,N/A,N/A,?,?
30,2,E031669,RES SMD 10K Ohm 1% 1/16W 0402 AEC-Q200," 10K",R0402,1,N/A,1/16W,"R38,R42","STACKPOLE ELECTRONICS, INC."," RMCF0402FT10K0",REL,N/A,N/A,N/A,N/A,7000852,?,?
32,2,E030873,RES SMD 1MEG Ohm 1% 1/10W 0603 AEC-Q200," 1MEG",R0603,1,N/A,1/10W,"R48,R49",VISHAY," CRCW06031M00FKEA",REL,N/A,N/A,N/A,N/A,N/A,?,?
33,1,E031023,RES SMD 4.7MEG Ohm 5% 1/2W 2010 HIGH VOLTAGE," 4.7MEG",R2010,5,N/A,1/2W,R50,BOURNS," CHV2010-JW-475ELF",REL,N/A,N/A,N/A,N/A,N/A,?,?
35,2,E016845,RES SMD 12K Ohm 1% 1/16W 0402," 12K",R0402,1,N/A,1/16W,"R6,R8",YAGEO," RC0402FR-0712KL",REL,N/A,N/A,N/A,N/A,N/A,?,?
37,1,E042298,XFMR 10/100/1000 SUPER TINY SIGNAL BASE-T," 74930000",TSML185W127H114_A,N/A,N/A,N/A,T1,WURTH ELEKTRONIK," 74930000",REL,N/A,N/A,N/A,N/A,N/A,?,?
38,1,E021874,"IC-ADI LOW NOISE, CMOS LDO LINEAR REGULATOR"," ADP7118AUJZ-3.3",TSOT-5,N/A,N/A,?,U1,ANALOG DEVICES," ADP7118AUJZ-3.3-R7",REL,N/A,N/A,N/A,N/A,N/A,?,?
39,1,E055878,IC USB 2.0-10/100 ETH CTRL," LAN9500A-ABZJ-TR",QFN56_8X8_PAD5_9X5_9,N/A,N/A,?,U2,MICROCHIP TECHNOLOGY," LAN9500A-ABZJ-TR",REL,N/A,N/A,N/A,N/A,N/A,?,?
40,1,E049995,"IC-ADI ROBUST, INDUSTRIAL LOW POWER 10BASE-T1L ETHERNET PHY, PRELIM"," ADIN1100CCPZ",QFN40_6X6_PAD3_5X3_5,N/A,N/A,?,U3,ANALOG DEVICES," ADIN1100CCPZ",RWC,N/A,N/A,N/A,N/A,N/A,?,?
41,1,E056130,IC EEPROM 1KBIT SPI 2MHZ," AT93C46DY6-YH-E",DFN8_2X3_PAD1_5X1_3,N/A,N/A,?,U4,MICROCHIP TECHNOLOGY," AT93C46DY6-YH-E",REL,N/A,N/A,N/A,N/A,N/A,?,?
43,2,E056118,IC CRYSTAL 25MHZ 10PF SMD," 25MEGHZ",YSML79W63H20_A,10ppm,N/A,N/A,"Y1,Y2","ECS, INC."," ECS-250-10-37B-CTN-TR",REL,N/A,N/A,N/A,N/A,N/A,CUSTOM_PART,?


The following components are part of the PCB or are NOT to be installed
ITEM#,Qty,WW_PN,DESCRIPTION," VALUE",JEDEC_TYPE,TOL,VOLTAGE,WATTAGE,LOCATION,MFG," MFG_PN",HLM_STATUS,STOCKROOM_WL,STOCKROOM_GT,STOCKROOM_LK,STOCKROOM_GBO,STOCKROOM_NSH,CUSTOM_PART,DNI
 7,2,E023439,CAP CER 100pF 3000V 5% C0G 1812 AEC-Q200 EXTREME LOW ESR," 100pF",C1812H71,5,3000V,N/A,"C25,C26",KEMET," C1812C101JHGACTU",REL,N/A,N/A,N/A,N/A,N/A,?,DNI
 10,1,E023562,CAP CER 0.01uF 2000V 10% X7R 1812 LOW ESR," 0.01uF",C1812H110,10,2000V,N/A,C40,KEMET," C1812C103KGRACTU",REL,N/A,N/A,N/A,N/A,N/A,?,DNI
 11,1,E035311,CAP CER 0.22uF 16V 10% X7R 0402 AEC-Q200," 0.22uF",C0402,10,16V,N/A,C7,MURATA," GCM155R71C224KE02D",REL,N/A,N/A,N/A,N/A,N/A,?,DNI
 21,1,E025232,RES SMD 0 Ohm JUMPER 1/16W 0402," 0",R0402,JUMPER,N/A,1/16W,R1,YAGEO," RC0402JR-070RL",REL,N/A,N/A,N/A,N/A,7008627,?,DNI
 31,1,E033672,RES SMD 22 Ohm 5% 1/10W 0402 AEC-Q200," 22",R0402,5,N/A,1/10W,R4,PANASONIC," ERJ-2GEJ220X",REL,N/A,N/A,N/A,N/A,7000284,?,DNI
 34,1,E031023,RES SMD 4.7MEG Ohm 5% 1/2W 2010 HIGH VOLTAGE," 4.7MEG",R2010,5,N/A,1/2W,R52,BOURNS," CHV2010-JW-475ELF",REL,N/A,N/A,N/A,N/A,N/A,?,DNI
 36,2,E024294,SW TACTILE SPST-NO," PTS840 GKP SMTR LFS",SWSML140W138H55,N/A,12V,N/A,"S1,S2",C&AMP;K COMPONENTS," PTS840 GKP SMTR LFS",REL,N/A,N/A,N/A,N/A,N/A,?,DNI
 42,1,E013017,IC 3-WIRE SERIAL EEPROM," AT93C46D-TH-B",TSSOP8,N/A,1.8V TO 5.5V,?,U5,ATMEL," AT93C46D-TH-B",REL,N/A,N/A,N/A,N/A,1004158,?,DNI

